day,S,E,I,R,I_rep,new_rep
0,31849149.0,0.0,1000.0,0.0,100.0,10.0
1,31848988.024638776,146.23652642029967,919.0853872181056,95.65344758403931,91.90853872181056,9.190853872181057
2,31848839.60902087,255.58663088420354,868.9647125568883,184.8396356837618,86.89647125568884,8.689647125568884
3,31848698.68884413,339.0753466770116,841.0519017543388,270.18390743893383,84.10519017543389,8.41051901754339
4,31848561.69029702,404.45468686583814,829.2692628537181,353.5857532601483,82.92692628537182,8.292692628537182
5,31848426.044026118,457.2139256601161,829.3115016144429,436.43054660888043,82.9311501614443,8.29311501614443
6,31848289.871963944,501.2582374470684,838.1301948387108,519.7396037749048,83.81301948387109,8.38130194838711
7,31848151.775547687,539.3767905506867,853.571052419034,604.2766093440349,85.35710524190341,8.53571052419034
8,31848010.689615145,573.56991574092,874.1169983940247,690.6234707184786,87.41169983940247,8.741169983940248
9,31847865.78057802,605.2790726561786,898.7059226734391,779.2344266471247,89.87059226734391,8.987059226734392
10,31847716.374918636,635.5490872210366,926.6013257583347,870.4746683821937,92.66013257583347,9.266013257583348
11,31847561.90860725,665.1430427845157,957.3003859929505,964.6479639745334,95.73003859929506,9.573003859929505
12,31847401.890408207,694.6254014939717,990.467361313502,1062.0168289830656,99.0467361313502,9.90467361313502
13,31847235.876542225,724.4189501953712,1025.8879924034838,1162.8165151731007,102.5887992403484,10.25887992403484
14,31847063.452111986,754.8460695143946,1063.436554005927,1267.2652644926995,106.34365540059271,10.634365540059271
15,31846884.216011852,786.1616170044272,1103.0497753825516,1375.5725957544287,110.30497753825517,11.030497753825518
16,31846697.77318611,818.5690393141132,1144.714198366774,1487.9435762048654,114.47141983667741,11.447141983667741
17,31846503.724339347,852.2415841124227,1188.4497032758559,1604.584373260047,118.8449703275856,11.88449703275856
18,31846301.662328713,887.3286921846604,1234.3047736030537,1725.7042054982223,123.43047736030537,12.343047736030538
19,31846091.166727997,923.9655813895074,1282.3494866909818,1851.5182039213903,128.2349486690982,12.82349486690982
20,31845871.799225565,962.2812351004841,1332.6697436460443,1982.2497956789375,133.26697436460444,13.326697436460444
21,31845643.056520093,1002.4416872865056,1385.3703320383563,2118.131460576303,138.53703320383565,13.853703320383566
22,31845404.408676706,1044.605920837268,1440.5779830914298,2259.407419360758,144.05779830914298,14.405779830914298
23,31845155.341858868,1088.891878752501,1498.4310425154938,2406.3352198608236,149.8431042515494,14.98431042515494
24,31844895.312009618,1135.424344953858,1559.0769320563966,2559.186713363673,155.90769320563967,15.590769320563968
25,31844623.742858477,1184.335657262558,1622.6725731491792,2718.2489111059217,162.26725731491794,16.226725731491793
26,31844340.023371093,1235.766872604549,1689.3846531771828,2883.825103123889,168.93846531771828,16.89384653177183
27,31844043.505817115,1289.8672965657602,1759.391247618509,3056.2356386957354,175.9391247618509,17.593912476185093
28,31843733.502602067,1346.7974337433677,1832.8805704235817,3235.8193937621004,183.2880570423582,18.32880570423582
29,31843409.28407416,1406.7270152517535,1910.0543148867896,3422.9345956937514,191.00543148867897,19.100543148867896
30,31843070.075641595,1469.8373055433985,1991.1269123845464,3617.9601404713526,199.11269123845466,19.911269123845468
31,31842715.05365256,1536.3238204703139,2076.325100888814,3821.2974260806823,207.63251008888142,20.763251008888144
32,31842343.34356157,1606.3922080755979,2165.893287305721,4033.3709430428144,216.5893287305721,21.65893287305721
33,31841954.015659463,1680.2631513407032,2260.0909201567597,4254.630269037136,226.00909201567598,22.6009092015676
34,31841546.07983104,1758.175967908294,2359.191819582924,4485.552381459735,235.9191819582924,23.59191819582924
35,31841118.483558908,1840.3820014425237,2463.492229038064,4726.642210608027,246.34922290380644,24.634922290380644
36,31840670.10740088,1927.149193072779,2573.3086986617222,4978.434707382319,257.33086986617224,25.733086986617224
37,31840199.75708133,2018.7713876820474,2688.973067422535,5241.498463563719,268.89730674225353,26.889730674225355
38,31839706.1606249,2115.558642541969,2810.844251890436,5516.436480668247,281.08442518904366,28.10844251890437
39,31839187.96524197,2217.8376363091907,2939.309648863217,5803.887472854032,293.9309648863217,29.39309648863217
40,31838643.725707226,2325.9676205832566,3074.7754250642333,6104.53124712119,307.47754250642333,30.747754250642334
41,31838071.899612837,2440.3332802837617,3217.6768035397176,6419.0903033360955,321.7676803539718,32.17676803539718
42,31837470.844251107,2561.3381604222604,3368.4867390844233,6748.330849376458,336.8486739084424,33.68486739084424
43,31836838.80549863,2689.419108435679,3527.7075207958665,7093.067872133933,352.77075207958666,35.27707520795867
44,31836173.906892315,2825.0539476131553,3695.8693766875695,7454.169783379414,369.58693766875695,36.9586937668757
45,31835474.145079717,2968.7460172503424,3873.54927111213,7832.55963191561,387.35492711121304,38.73549271112131
46,31834737.382826224,3121.0297114876257,4061.369331132931,8229.21813115146,406.13693311329314,40.613693311329314
47,31833961.32948193,3282.4956933761846,4259.982431258563,8645.192393432078,425.99824312585633,42.59982431258564
48,31833143.534094483,3453.7740223857018,4470.093927822536,9081.597955308678,447.0093927822536,44.70093927822536
49,31832281.379371863,3635.528595180956,4692.471050538408,9539.620982416292,469.24710505384087,46.92471050538409
50,31831372.06050495,3828.4847475694737,4927.927068836946,10020.527678644605,492.7927068836946,49.279270688369465
51,31830412.569469444,4033.4321806235694,5177.327869899298,10525.670480030287,517.7327869899299,51.77327869899299
52,31829399.686616033,4251.2044877610915,5441.618296531611,11056.490599673782,544.1618296531611,54.41618296531612
53,31828329.964830514,4482.695135681892,5721.8151940183425,11614.524839782749,572.1815194018343,57.21815194018343
54,31827199.69997635,4728.891218689934,6018.99051571041,12201.418289245996,601.899051571041,60.18990515710411
55,31826004.917906247,4990.843690983142,6334.310160573554,12818.928242192265,633.4310160573555,63.34310160573555
56,31824741.362951204,5269.66676475416,6669.041598494146,13468.928685544246,666.9041598494146,66.69041598494145
57,31823404.458695143,5566.587435784991,7024.526634543296,14153.427234525083,702.4526634543296,70.24526634543297
58,31821989.28546857,5882.932792411474,7402.2084858725475,14874.57325314465,740.2208485872547,74.02208485872548
59,31820490.565125883,6220.1078901691435,7803.66397806934,15634.663005879751,780.3663978069341,78.0366397806934
60,31818902.625211746,6579.636878042316,8230.583020194532,16436.154890013127,823.0583020194532,82.30583020194533
61,31817219.356717654,6963.194408762316,8684.76228694334,17281.686586634285,868.476228694334,86.84762286943341
62,31815434.19003079,7372.561786970788,9168.16533645735,18174.082845779914,916.816533645735,91.6816533645735
63,31813540.068628974,7809.644677212967,9682.920479311166,19116.36621449416,968.2920479311166,96.82920479311167
64,31811529.38232978,8276.549724576387,10231.282956273024,20111.784989366628,1023.1282956273025,102.31282956273026
65,31809393.932867352,8775.538480862626,10815.703782394536,21163.824869391734,1081.5703782394537,108.15703782394537
66,31807124.906429496,9309.016975529921,11438.857334296748,22276.21926067371,1143.885733429675,114.3885733429675
67,31804712.797518548,9879.625950669328,12103.595368541815,23452.981162239346,1210.3595368541817,121.03595368541818
68,31802147.350916095,10490.237135303832,12812.986790413897,24698.42515818652,1281.2986790413897,128.129867904139
69,31799417.522073403,11143.906401335873,13570.390091041276,26017.181434215927,1357.0390091041277,135.70390091041278
70,31796511.406970095,11843.946309175486,14379.421867847877,27414.224852878284,1437.9421867847877,143.79421867847879
71,31793416.149328467,12593.99649967698,15243.94175192862,28894.912419927303,1524.3941751928621,152.43941751928622
72,31790117.878773194,13397.945334304726,16168.170501268709,30465.005391231596,1616.817050126871,161.6817050126871
73,31786601.654129885,14259.974746555585,17156.6786478402,32130.692475717427,1715.66786478402,171.566786478402
74,31782851.323600527,15184.660985765873,18214.368603767707,33898.646809935504,1821.4368603767707,182.14368603767707
75,31778849.46371395,16176.930848399777,19346.55645922715,35776.04897841665,1934.6556459227152,193.46556459227153
76,31774576.733642206,17242.610514198324,20559.02249971297,37770.63334388034,2055.902249971297,205.5902249971297
77,31770012.217153188,18387.917868565528,21858.124488483052,39890.740489764015,2185.8124488483054,218.58124488483054
78,31765133.80916873,19619.081952908567,23250.734222383224,42145.37465597732,2325.0734222383226,232.50734222383227
79,31759917.627989803,20942.853374733626,24744.267362689356,44544.251272772875,2474.4267362689357,247.44267362689357
80,31754337.869769447,22366.5707127567,26346.702003625527,47097.857514171825,2634.670200362553,263.4670200362553
81,31748366.66913622,23898.143975058618,28066.67711670253,49817.509772017474,2806.667711670253,280.66677116702533
82,31741973.94730264,25546.151790767773,29913.48193611394,52715.418970478546,2991.3481936113944,299.1348193611395
83,31735127.230821557,27319.824470200983,31897.176040214516,55804.76866802555,3189.7176040214517,318.9717604021452
84,31727791.503873058,29229.093137546326,34028.62267877663,59099.780310616334,3402.862267877663,340.2862267877663
85,31719929.00900522,31284.705301613485,36319.4817742383,62615.80391892616,3631.94817742383,363.19481774238307
86,31711499.04486683,33498.14220329136,38782.40064791838,66369.412281959,3878.2400647918384,387.8240064791839
87,31702457.803033955,35881.71462331528,41431.00353777167,70378.47880495794,4143.100353777168,414.31003537771676
88,31692758.154168546,38448.69955904142,44279.86253105807,74662.28374135235,4427.986253105807,442.79862531058075
89,31682349.393277474,41213.216287974545,47344.74101647558,79241.64941807179,4734.474101647558,473.44741016475587
90,31671177.11531453,44190.273986746506,50642.60411269037,84139.00658603295,5064.260411269038,506.4260411269038
91,31659182.961485997,47395.943995698435,54191.55412739498,89378.5403909114,5419.155412739498,541.9155412739499
92,31646304.406951778,50847.233921152794,58011.02929339172,94986.32983367216,5801.102929339173,580.1102929339173
93,31632472.562932145,54563.84633440551,62122.11293933933,100990.47779410478,6212.211293933933,621.2211293933933
94,31617674.06104219,58510.606727762286,66543.22934961026,107421.10288044119,6654.3229349610265,665.4322934961027
95,31601874.86151889,62679.241144892665,71285.09262063853,114309.80471557776,7128.509262063853,712.8509262063853
96,31585016.54794646,67084.13231955055,76359.12898638964,121689.19074759894,7635.912898638964,763.5912898638965
97,31567039.989835307,71737.87062309397,81778.01662819546,129593.12291340642,8177.801662819546,817.7801662819547
98,31547883.647084586,76652.95787384357,87555.64368384426,138056.7513577232,8755.564368384426,875.5564368384427
99,31527485.242249943,81840.42969450972,93706.6390197777,147116.68903576504,9370.66390197777,937.0663901977771
100,31505782.50052666,87309.35421008251,100246.11910145306,156811.02616179863,10024.611910145308,1002.4611910145309
101,31498882.368062936,78339.9830549498,105794.64699897004,167132.00188314638,10579.464699897006,1057.9464699897005
102,31491705.31026414,71187.78765784849,109352.17761037828,177903.7244676264,10935.217761037828,1093.5217761037827
103,31484360.659668244,65436.171739175894,111399.9219022012,188952.24669037116,11139.99219022012,1113.999219022012
104,31476931.634673297,60765.02855684408,112306.54164024975,200145.79512960295,11230.654164024976,1123.0654164024977
105,31469480.499186244,56929.2067890921,112354.30364777875,211384.99037688173,11235.430364777876,1123.5430364777876
106,31462053.73793277,53740.76202384769,111759.22133432805,222595.27870905047,11175.922133432805,1117.5922133432805
107,31454685.958373025,51055.21505386134,110686.83801733627,233720.98855577517,11068.683801733627,1106.8683801733628
108,31447402.688895833,48761.57349033836,109263.75287639648,244720.98473742843,10926.375287639648,1092.6375287639648
109,31440222.516761523,46774.63212674201,107586.55307255274,255565.29803917435,10758.655307255274,1075.8655307255274
110,31433158.848452333,45028.586463923886,105729.24393010995,266232.32115362666,10572.924393010995,1057.2924393010996
111,31426221.016620822,43472.984130216835,103747.97389938054,276707.02534957527,10374.797389938054,1037.4797389938055
112,31419415.37889393,42068.77199155007,101685.6171432546,286979.2319712618,10168.56171432546,1016.856171432546
113,31412746.066101704,40785.782944566425,99574.61475100495,297042.53620272025,9957.461475100496,995.7461475100496
114,31406215.39122194,39600.765173289095,97439.48316896317,306893.36043579626,9743.948316896318,974.3948316896318
115,31399824.29287606,38495.755636977796,95298.69871984042,316530.2527671144,9529.869871984043,952.9869871984043
116,31393572.715072565,37456.847945603324,93166.06092822782,325953.3760535991,9316.606092822782,931.6606092822782
117,31387459.836894304,36473.254835962536,91051.82227326276,335164.08599646884,9105.182227326277,910.5182227326277
118,31381484.28719988,35536.54846084736,88963.55617946584,344164.6081598003,8896.355617946585,889.6355617946585
119,31375644.266190674,34640.21663355196,86906.66813214161,352957.8490436277,8690.666813214162,869.0666813214162
120,31369937.75957065,33778.992380370335,84885.1243433535,361547.1237056157,8488.512434335351,848.8512434335352
121,31364362.47514174,32948.8814106184,82901.50656904839,369936.13687858277,8290.15065690484,829.015065690484
122,31358915.997501787,32146.614625437993,80957.63055196694,378128.7573208025,8095.763055196694,809.5763055196694
123,31353595.816037662,31369.618271113268,79054.54584994714,386129.01984127687,7905.454584994714,790.5454584994715
124,31348399.356023572,30615.842764919333,77192.7547314037,393941.0464800979,7719.275473140369,771.9275473140369
125,31343324.036244914,29883.548620133686,75372.45609034237,401568.9590446049,7537.2456090342375,753.7245609034238
126,31338367.20689728,29171.411396878273,73593.47102608462,409016.9106797496,7359.347102608463,735.9347102608463
127,31333526.2591699,28478.29232718149,71855.4270172214,416289.02148569317,7185.542701722141,718.5542701722142
128,31328798.702321272,27803.11321122763,70157.8350562592,423389.34941123705,7015.78350562592,701.578350562592
129,31324182.017105993,27145.03965013145,68500.03066001461,430321.9125838586,6850.003066001462,685.0003066001462
130,31319673.78614448,26503.289471841515,66881.26671768738,437090.65766598243,6688.126671768739,668.8126671768739
131,31315271.65049926,25877.151504220696,65300.752986274674,443699.4450102382,6530.075298627467,653.0075298627468
132,31310973.366367213,25265.91411092912,63757.65497429532,450152.06454755535,6375.765497429533,637.5765497429534
133,31306780.643336255,24665.41173174462,62250.75290060665,456452.1920313908,6225.075290060665,622.5075290060665
134,31302694.09704077,24073.14825831822,60778.394186529855,462603.3605143767,6077.839418652986,607.7839418652986
135,31298712.229768172,23489.176217278655,59338.6407666384,468608.9532479068,5933.86407666384,593.386407666384
136,31294832.621092618,22914.220438790744,57930.01886942627,474472.13959916314,5793.001886942628,579.3001886942628
137,31291052.91178474,22348.818639969366,56551.31724908749,480195.9523262013,5655.13172490875,565.513172490875
138,31287370.80489541,21793.42115911383,55201.42754917733,485783.34639629384,5520.142754917733,552.0142754917733
139,31283784.08989479,21248.304242981114,53879.44042620268,491237.16543602274,5387.944042620268,538.7944042620269
140,31280290.63924386,20713.58160075585,52584.63320745584,496560.1459479255,5258.4633207455845,525.8463320745585
141,31276888.370036315,20189.330446028554,51316.329004690095,501754.97051295766,5131.63290046901,513.163290046901
142,31273575.244080395,19675.590090443555,50073.89827040817,506824.2675587491,5007.389827040817,500.73898270408176
143,31270349.278651804,19172.325683769952,48856.79966852565,511770.5959958986,4885.6799668525655,488.56799668525656
144,31267208.536860347,18679.4620486655,47664.54251956136,516596.4585714183,4766.4542519561355,476.6454251956136
145,31264151.117795598,18196.910928840192,46496.65603778497,521304.3152377751,4649.665603778497,464.9665603778497
146,31261175.156668298,17724.56978574428,45352.690650978526,525896.582894978,4535.269065097853,453.5269065097853
147,31258278.825651683,17262.319540286822,44232.220639638006,530375.6341683888,4423.222063963801,442.3222063963801
148,31255460.33421638,16810.02420058092,43134.84492415372,534743.7966588795,4313.484492415372,431.34844924153725
149,31252717.92402059,16367.543808848459,42060.17222397257,539003.3599465814,4206.017222397258,420.6017222397258
150,31250049.869108737,15934.733634635595,41007.82205647915,543156.5752001452,4100.782205647915,410.07822056479154
151,31247454.5560849,15511.369519315105,39977.41845552342,547205.655940257,3997.741845552342,399.7741845552342
152,31244930.400342718,15097.244978384377,38968.57712679663,551152.7775520952,3896.8577126796627,389.6857712679663
153,31242475.76093826,14692.238694673342,37980.92291052826,555000.077456532,3798.092291052826,379.8092291052826
154,31240089.027777612,14296.222704386328,37014.09316392443,558749.656354076,3701.409316392443,370.14093163924434
155,31237768.62144509,13909.061869847312,36067.73813997145,562403.578545085,3606.773813997145,360.67738139971453
156,31235512.991084192,13530.621159561093,35141.512966888986,565963.8747893539,3514.1512966888986,351.4151296688899
157,31233320.61521933,13160.760892307899,34235.082711946794,569432.5411764099,3423.5082711946798,342.350827119468
158,31231190.001154266,12799.338041060004,33348.120927378586,572811.539877294,3334.8120927378586,333.4812092737859
159,31229119.68240301,12446.2153622144,32480.299512136196,576102.8027226402,3248.02995121362,324.802995121362
160,31227108.220871612,12101.251033878163,31631.30017411497,579308.2279203895,3163.130017411497,316.3130017411497
161,31225154.206826475,11764.297945577446,30800.815227637726,582429.6800003094,3080.0815227637727,308.0081522763773
162,31223256.25458096,11435.21951775661,29988.52996097505,585468.9959403045,2998.852996097505,299.8852996097505
163,31221413.004494824,11113.880391268736,29194.13302257645,588427.9820913316,2919.4133022576452,291.94133022576455
164,31219623.125045534,10800.136965338757,28417.327019820794,591308.4109693039,2841.7327019820796,284.17327019820794
165,31217885.311052833,10493.843353929471,27657.821861762186,594112.0237314686,2765.7821861762186,276.57821861762187
166,31216198.27810492,10194.872407144276,26915.311174624403,596840.5383133049,2691.5311174624403,269.15311174624406
167,31214560.76743015,9903.09474744226,26189.495858964514,599495.6419634423,2618.9495858964515,261.89495858964517
168,31212971.547587797,9618.370933446473,25480.092915237758,602078.9885635098,2548.009291523776,254.80092915237762
169,31211429.41246851,9340.558861646256,24786.82710820373,604592.2015616351,2478.6827108203734,247.86827108203735
170,31209930.21831672,9072.49113734714,24109.408122442263,607036.8824234868,2410.9408122442264,241.09408122442267
171,31206339.37310817,10753.57978387475,23635.020747758783,609421.0263601885,2363.5020747758786,236.35020747758787
172,31202800.575880125,12094.427015007104,23479.51610400318,611774.4810008608,2347.9516104003183,234.79516104003184
173,31199268.274201255,13195.687992734502,23560.26123757503,614124.7765684302,2356.026123757503,235.60261237575028
174,31195708.938852694,14129.585399655887,23818.060687891433,616492.4150597558,2381.8060687891434,238.18060687891435
175,31192097.289702676,14948.254455224744,24210.590117542815,618892.8657245513,2421.0590117542815,242.10590117542816
176,31188414.120445278,15689.234021131342,24707.634055885617,621338.0114777016,2470.763405588562,247.0763405588562
177,31184644.419260673,16379.678485058495,25287.747288147348,623837.1549661172,2528.7747288147348,252.8774728814735
178,31180775.850743182,17039.637030628273,25935.699356354347,626397.812869829,2593.569935635435,259.3569935635435
179,31176798.183502704,17683.706458383665,26640.908479398797,629026.2015595047,2664.09084793988,266.40908479398803
180,31172702.60883598,18322.654312788356,27396.080908034954,631727.6559431944,2739.6080908034955,273.9608090803496
181,31168481.275279444,18964.523590845645,28196.284532996335,634506.9165967109,2819.6284532996337,281.9628453299634
182,31164127.001758825,19615.30978226316,29038.38095424475,637368.3075046613,2903.838095424475,290.3838095424475
183,31159632.974269122,20279.672433741987,29920.430656752742,640315.9226403815,2992.043065675274,299.20430656752745
184,31154992.638447464,20961.180916658373,30841.487134581865,643353.6935012955,3084.1487134581866,308.4148713458187
185,31150199.50670389,21662.757489616928,31801.22832027688,646485.5074862118,3180.122832027688,318.01228320276886
186,31145247.11291852,22386.773273086143,32799.87695189994,649715.2368564887,3279.987695189994,327.99876951899944
187,31140128.917767663,23135.254731124496,33838.03017454848,653046.7973266582,3383.8030174548485,338.38030174548487
188,31134838.2440455,23910.020775516135,34916.54715170167,656484.1880272765,3491.654715170167,349.1654715170167
189,31129368.2793472,24712.66377591217,36036.56556737454,660031.4913095112,3603.6565567374546,360.3656556737455
190,31123711.9927851,25544.72033409744,37199.362926985494,663692.9239538138,3719.9362926985496,371.993629269855
191,31117862.134860434,26407.65856106884,38406.36833651938,667472.8382419702,3840.636833651938,384.0636833651938
192,31111811.233369578,27302.87636392481,39659.16441180462,671375.7258546883,3965.916441180462,396.5916441180462
193,31105551.542673565,28231.78568654104,40959.42160108899,675406.2500388022,4095.942160108899,409.5942160108899
194,31099075.037950072,29195.811608266904,42308.900460613455,679569.2499810413,4230.890046061346,423.0890046061346
195,31092373.42375627,30196.368970082756,43709.47013667814,683869.7371369612,4370.947013667814,437.0947013667814
196,31085438.108830307,31234.90180446184,45163.07669163566,688312.9126735891,4516.307669163566,451.6307669163566
197,31078260.184078496,32312.885052454814,46671.74684196934,692904.1840270736,4667.174684196934,466.71746841969343
198,31070830.422146384,33431.82389223242,48237.58868838565,697649.1652729984,4823.758868838565,482.37588688385654
199,31063139.273115758,34593.25405113608,49862.790887802556,702553.6819452993,4986.279088780256,498.6279088780256
200,31055176.856910948,35798.75140737184,51549.61186128387,707623.7798203884,5154.961186128387,515.4961186128388
201,31046932.951207004,37049.92947980313,53300.3840859268,712865.7352272631,5330.038408592681,533.003840859268
202,31038396.979766604,38348.433392833394,55117.52038467489,718286.0664558852,5511.75203846749,551.175203846749
203,31029558.011583745,39695.94088246371,57003.51290343002,723891.5346303578,5700.351290343002,570.0351290343002
204,31020404.753605366,41094.17384190217,58960.91831899472,729689.1542337335,5896.091831899473,589.6091831899473
205,31010925.560178142,42544.8733944204,60992.375232720944,735686.1911947095,6099.237523272095,609.9237523272095
206,31001108.40947771,44049.81515930368,63100.590251146314,741890.1851118394,6310.059025114631,631.0059025114632
207,30990940.894465316,45610.81911428875,65288.33175006608,748308.9546703276,6528.833175006608,652.8833175006608
208,30980409.93765301,47229.967946310935,67558.48888826075,754950.6055124165,6755.848888826075,675.5848888826076
209,30969513.46810626,48898.770594223344,69913.27886867458,761823.4824308386,6991.327886867458,699.1327886867458
210,30958254.674759295,50605.69600757709,72352.55593470631,768936.0732984156,7235.2555934706315,723.5255593470632
211,30946627.67718032,52349.61433628912,74874.94300528131,776296.7654781077,7487.494300528131,748.7494300528132
212,30934622.320233263,54133.24530428083,77479.63463130296,783913.7998311487,7747.963463130297,774.7963463130297
213,30922228.775511615,55958.65298458081,80166.15972145516,791795.4117823492,8016.615972145516,801.6615972145516
214,30909438.085955195,57826.63796066877,82934.51467656653,799949.761407565,8293.451467656652,829.3451467656653
215,30896241.177346833,59738.03383038281,85784.7499737355,808385.0388490485,8578.47499737355,857.8474997373551
216,30882629.008157376,61693.48320333223,88717.06418243129,817109.4444568583,8871.70641824313,887.170641824313
217,30868592.79075499,63693.2935744932,91731.71498022461,826131.200690293,9173.171498022462,917.3171498022463
218,30854123.630520813,65737.78526355559,94829.03539600894,835458.5488196218,9482.903539600895,948.2903539600895
219,30839213.01812609,67826.88748741479,98009.32636651194,845099.7680199837,9800.932636651194,980.0932636651195
220,30823852.891783774,69960.17341450405,101272.75022744345,855063.1845742746,10127.275022744347,1012.7275022744348
221,30808035.159971394,72137.24365291378,104619.49684221279,865357.0995334804,10461.94968422128,1046.1949684221279
222,30791751.926391076,74357.65015028045,108049.56780513488,875989.8556535114,10804.956780513488,1080.495678051349
223,30774995.91551545,76620.45841455377,111562.8304020423,886969.795667953,11156.283040204231,1115.6283040204232
224,30757760.23120311,78924.47072129344,115159.10074392724,898305.1973316652,11515.910074392725,1151.5910074392725
225,30740037.91462712,81268.84292798067,118837.89280026531,910004.3496446296,11883.789280026533,1188.3789280026533
226,30721822.154629838,83652.7894963399,122598.54584977617,922075.51002405,12259.854584977618,1225.9854584977618
227,30703106.74488137,86074.93935362383,126440.52476765742,934526.7909973491,12644.052476765743,1264.4052476765744
228,30683885.78096817,88533.97840031609,130362.96486088596,947366.2757706294,13036.296486088597,1303.6296486088597
229,30664153.648508556,91028.6960478501,134364.6356438056,960602.0197997849,13436.463564380561,1343.6463564380563
230,30643905.36455672,93557.30407635146,138444.47614196115,974241.8552249668,13844.447614196115,1384.4447614196115
231,30623136.37561879,96117.91072641162,142601.23442396816,988293.4792308273,14260.123442396816,1426.0123442396816
232,30601842.424984176,98708.90377476875,146833.1204717419,1002764.5507693143,14683.31204717419,1468.331204717419
233,30580019.761686407,101328.47839386167,151138.21631053323,1017662.5436091957,15113.821631053324,1511.3821631053324
234,30557665.500149738,103974.09450392102,155514.79531041966,1032994.610035924,15551.479531041967,1555.1479531041969
235,30534777.103958357,106643.49008787546,159960.62800045646,1048767.7779533125,15996.062800045647,1599.6062800045647
236,30511352.38530026,109334.67224428375,164473.0103064788,1064988.932148978,16447.30103064788,1644.730103064788
237,30487389.809279032,112045.1274105302,169049.50099268145,1081664.5623177562,16904.950099268146,1690.4950099268146
238,30462888.49643581,114772.15777112466,173687.4647288277,1098800.8810642392,17368.746472882773,1736.8746472882774
239,30437848.489073277,117512.9475959675,178383.62288320268,1116403.9404475496,17838.36228832027,1783.836228832027
240,30412270.40010982,120264.6289233029,183134.5234240893,1134479.447542791,18313.45234240893,1831.3452342408932
241,30386155.338180806,123024.07545690333,187936.97724491803,1153032.6091173685,18793.697724491805,1879.3697724491806
242,30359504.909504313,125788.45222406338,192787.25165837252,1172068.3866132512,19278.72516583725,1927.8725165837252
243,30332321.20500282,128555.21313463344,197681.10803044087,1191591.4738321053,19768.11080304409,1976.811080304409
244,30304607.18385513,131321.12640795571,202614.70960107326,1211605.980135834,20261.470960107326,2026.1470960107326
245,30276366.43315395,134082.92762982665,207584.03509472538,1232115.6041214992,20758.40350947254,2075.840350947254
246,30247603.005360328,136837.78714735375,212584.44141000553,1253123.7660823122,21258.444141000553,2125.8444141000555
247,30218321.970059127,139582.39644433407,217611.23343157067,1274633.4000649638,21761.12334315707,2176.112334315707
248,30188529.088461574,142313.06316936383,222660.04822335544,1296646.800145708,22266.004822335544,2226.6004822335544
249,30158230.42096842,145026.69216310326,227725.9693976289,1319165.9174708484,22772.596939762894,2277.2596939762893
250,30127432.46334326,147720.58925566205,232803.6177288764,1342192.3296722057,23280.36177288764,2328.036177288764
251,30096142.61181887,150391.3372810548,237888.1502134194,1365726.90068665,23788.815021341943,2378.8815021341943
252,30064368.833574973,153035.61718647787,242974.53895509057,1389770.0102834555,24297.453895509057,2429.7453895509057
253,30032119.447795454,155650.60785396674,248057.30162120002,1414321.6427293816,24805.730162120002,2480.5730162120003
254,29999403.99961236,158232.70149814207,253131.13737990105,1439381.161509601,25313.113737990105,2531.3113737990107
255,29966232.175546125,160778.84311970012,258190.59059372818,1464947.3907404453,25819.05905937282,2581.905905937282
256,29952610.390300237,145087.3318563411,261491.97542509637,1490959.3024183218,26149.19754250964,2614.919754250964
257,29938929.250555888,132189.5097601266,261881.31631837392,1517148.9233656114,26188.131631837394,2618.8131631837396
258,29925299.824689522,121496.37675959956,260089.69915565738,1543263.0993952183,26008.96991556574,2600.896991556574
259,29911807.297635894,112545.59444658851,256682.91726112165,1569113.190656397,25668.291726112166,2566.8291726112166
260,29898514.417984836,104976.0107016617,252098.06942145483,1594560.5018920456,25209.806942145486,2520.9806942145487
261,29885466.8648495,98505.06096762049,246672.21425119607,1619504.8599316862,24667.22142511961,2466.722142511961
262,29872697.264664844,92911.22817947785,240664.85161538073,1643875.6555402959,24066.485161538076,2406.6485161538076
263,29860228.170643803,88020.88356154267,234274.82917412752,1667625.1166205273,23427.48291741275,2342.7482917412754
264,29848074.392035007,83697.84509173296,227653.7954405328,1690722.9674327292,22765.37954405328,2276.537954405328
265,29836244.908976123,79834.80261093262,220917.21848403238,1713152.0699289113,22091.72184840324,2209.172184840324
266,29824744.24692002,76347.40974487216,214151.87495503193,1734905.468380073,21415.187495503196,2141.5187495503196
267,29813573.451757584,73169.1187289232,207422.74760606725,1755983.6819074242,20742.274760606728,2074.227476060673
268,29802730.852252115,70247.4607856033,200777.84728193432,1776392.8396803446,20077.784728193434,2007.7784728193435
269,29792212.780169986,67541.01633705906,194251.96935415917,1796143.2341387975,19425.19693541592,1942.519693541592
270,29782014.16508359,65016.75855507819,187870.03180692377,1815248.0445544065,18787.003180692376,1878.7003180692377
271,29772128.820674755,62648.56394143322,181649.0044831168,1833722.610900696,18164.90044831168,1816.4900448311682
272,29762549.827342194,60415.42330647968,175600.15299805495,1851583.596353266,17560.015299805495,1756.0015299805495
273,29753269.717685804,58300.5762737086,169730.10319302452,1868848.6028474623,16973.01031930245,1697.3010319302452
274,29744280.71856917,56290.428754827444,164042.1542787159,1885535.698397284,16404.21542787159,1640.421542787159
275,29735574.96771284,54373.81767246082,158537.0837560307,1901663.1308586714,15853.708375603072,1585.3708375603073
276,29727144.401464544,52541.79592616862,153213.62841141014,1917249.1741978808,15321.362841141015,1532.1362841141017
277,29718980.954720147,50786.85938827625,148069.34905378908,1932311.836837786,14806.934905378908,1480.693490537891
278,29711076.58487399,49102.90697223293,143100.61777269837,1946868.8903810815,14310.061777269839,1431.0061777269839
279,29703423.372256104,47484.73415761886,138303.21282815427,1960937.680758124,13830.321282815428,1383.032128281543
280,29696013.549248166,45927.88327235633,133672.47513126145,1974535.0923482194,13367.247513126145,1336.7247513126147
281,29688839.51093161,44428.59693004576,129203.33325199428,1987677.5588863473,12920.333325199428,1292.0333325199429
282,29681893.920768343,42983.47929436297,124890.6204329531,2000380.9795043406,12489.062043295311,1248.9062043295312
283,29675169.634993322,41589.55237057512,120729.08549126488,2012660.7271448392,12072.908549126489,1207.290854912649
284,29668659.58633476,40244.310311607274,116713.44366778398,2024531.6596858478,11671.3443667784,1167.13443667784
285,29662355.51056458,38946.891721794804,112838.49226405272,2036008.1054495755,11283.849226405273,1128.3849226405273
286,29654623.856165856,39174.369209284676,109241.9990247839,2047108.7756000804,10924.19990247839,1092.4199902478392
287,29647121.55815728,39153.75052100827,106005.21219165395,2057868.4791300604,10600.521219165395,1060.0521219165396
288,29639827.875327207,38947.172896034506,103054.61695531657,2068319.3348214424,10305.461695531658,1030.5461695531658
289,29632726.03087008,38602.37950306344,100333.55401550347,2078487.0356113478,10033.355401550347,1003.3355401550348
290,29625802.492104374,38155.747307355465,97798.52163580565,2088392.2389524642,9779.852163580565,977.9852163580565
291,29619046.200563893,37635.11613878829,95415.87736087415,2098051.8059364436,9541.587736087415,954.1587736087415
292,29612448.03056831,37061.694330608836,93159.65179296702,2107479.6233081142,9315.965179296703,931.5965179296704
293,29606000.368463926,36451.59354300449,91009.76406006994,2116687.273933004,9100.976406006994,910.0976406006994
294,29599696.724509537,35817.138819589425,88950.54330537874,2125684.5933654946,8895.054330537874,889.5054330537874
295,29593531.560509123,35167.581750164325,86969.85993435314,2134479.997806359,8696.985993435314,869.6985993435314
296,29587500.151534777,34509.87368064899,85058.1166571387,2143080.8581274305,8505.81166571387,850.5811665713871
297,29581598.282552324,33849.25431327197,83207.79460532672,2151493.6685290746,8320.779460532673,832.0779460532673
298,29575822.173286375,33189.66201345891,81412.906066483,2159724.2586336834,8141.290606648301,814.1290606648301
299,29570168.384726416,32534.061075249094,79668.62110245207,2167777.933095883,7966.862110245208,796.6862110245208
300,29564633.705019657,31884.65093312305,77971.10429852582,2175659.539748697,7797.1104298525825,779.7110429852582
